state,mae,rmse,error_mean,error_median,error_p90,error_p95,error_max,std_mean,std_median,std_p90,std_p95,std_max
Vy,0.00017670803005428242,0.0005357776702488342,0.00017670803005428242,3.948045130663935e-05,0.0005278780055187227,0.00055744781093372,0.018849408835962755,0.0015594487387027677,0.0008817890173710742,0.002512722400398653,0.004982814872549076,0.545731087845068
AVz,0.0005949078845344854,0.0015492184084257646,0.0005949078845344854,0.00014389837323193488,0.0011192857041526952,0.0030492953977587366,0.03955136655518032,0.0027264707872028987,0.0015136492565869613,0.004381100441412657,0.008853625662984477,0.9814191006396544
Yaw,0.011889780852617346,0.08932847245240888,0.011889780852617346,0.0069561135190170376,0.027033482272633344,0.04143892336856854,24.701060918578904,0.2616242987165174,0.1748170008569764,0.5076385166252799,0.6333355872284466,35.370748099284945
Beta,0.005098745514987529,0.18518398630352612,0.005098745514987529,0.00010477704888556478,0.0010769763443860838,0.0026306100505786747,37.538387284621294,0.006297101223028614,0.0036049305277141767,0.009847870252488329,0.019910128436289313,1.9024388450254062
Ax,7.0318746377924355e-06,5.761637134379633e-05,7.0318746377924355e-06,1.9412850038027715e-06,1.154414779254709e-05,2.3260602062635817e-05,0.010864163264956234,3.2901565744209654e-05,1.9409184331928194e-05,5.975601303622833e-05,0.00010406282728089282,0.007796930865458648
Ay,1.8316561578089246e-05,4.135233846520351e-05,1.8316561578089246e-05,8.575934790755468e-06,3.735172776915558e-05,7.321830898811555e-05,0.002330822823759515,8.947259574469568e-05,5.212325915665277e-05,0.0001555801406091603,0.00026198615654328053,0.01867921144751315
AVx,0.00018285859218242838,0.0008452020621586378,0.00018285859218242838,2.4872725921748495e-05,0.00033190858663485496,0.0007969715929204146,0.032341618324217336,0.0006755858153058169,0.00031402183342588066,0.001029189331594058,0.002292326577589641,0.3591027514908133
Roll,0.0005689096775673613,0.0036246107488799384,0.0005689096775673613,3.565063063615259e-05,0.000590316834599669,0.0007810201774766768,0.058925899959609396,0.0006313524464560076,0.000260600177576182,0.0012425830606207515,0.0015886742370973565,0.0818856057524131
