state,mae,rmse,error_mean,error_median,error_p90,error_p95,error_max,std_mean,std_median,std_p90,std_p95,std_max
Vy,0.00013471741754217766,0.0004598247366361946,0.00013471741754217766,2.318089194079621e-05,0.00026507009587906105,0.0006168949223615447,0.013547229162007124,0.0011704773319071362,0.0006489561357225582,0.0015888351304817988,0.0032031170096867186,0.9886400043321576
AVz,0.00026646838974720273,0.0008390600536439278,0.00026646838974720273,4.323757732348221e-05,0.00047208378674241686,0.0012036555422298542,0.01822819161897815,0.0018929673491403275,0.0010960053663303544,0.0026828925769598784,0.005267770588488365,1.2271184883344284
Beta,0.004680032611567759,0.18499173663068208,0.004680032611567759,6.469577757332867e-05,0.0005337837728794016,0.001096056484949754,37.56756589474419,0.004657009341296196,0.0026722762614606057,0.006373535487186146,0.01420836116302855,2.247896011015466
Ax,4.8273863713481114e-06,5.585886206896316e-05,4.8273863713481114e-06,3.751031518676312e-07,8.804714678467557e-06,1.475410215240336e-05,0.010908759559574543,2.2805807076592734e-05,1.2076290713794959e-05,4.210339966778501e-05,7.163243715944404e-05,0.0099342343066565
Ay,1.0979206434540592e-05,2.9163991798663486e-05,1.0979206434540592e-05,5.1166634476851325e-06,2.2044471538399548e-05,4.8453217919464116e-05,0.0022153119593356085,5.951859673454203e-05,3.821335910523447e-05,9.137110953532871e-05,0.00015289160186031384,0.021892452323042363
